Layer,Control_Mean±SD,Control_N,MS_Mean±SD,MS_N,t_statistic,p_value,Test_Type,Equal_Variances,Levene_p,Mean_Difference,CI_95%,Cohen_d,Hedge's_g,Effect_Size_Interpretation,Degrees_Freedom,p_value_sig
ILM,33.9 ± 16.7,15,22.2 ± 8.9,22,2.485600049982568,0.022174068741049102,Welch's t,No,0.016193267768083518,-11.700772619398375,"[-19.97, -3.43]",-0.9285720060731062,-0.9085308836398737,Large,35,0.0222 *
NFLGCL,31.5 ± 13.1,15,24.8 ± 7.4,22,1.9775834845461737,0.05589264162828817,Student's t,Yes,0.20517736371916698,-6.668201915687149,"[-13.28, -0.06]",-0.6621840543803378,-0.6478923121994672,Medium,35,0.0559
IPLINL,40.7 ± 13.0,15,32.8 ± 5.8,22,2.5289529693144694,0.01610111032116348,Student's t,Yes,0.05446461200570587,-7.911818198658281,"[-14.04, -1.78]",-0.8468074008729664,-0.8285309821490894,Large,35,0.0161 *
INLOPL,44.6 ± 13.0,15,36.3 ± 5.3,22,2.3524060159859603,0.03080133251073915,Welch's t,No,0.02442661536725632,-8.34599999712453,"[-14.39, -2.30]",-0.906563469086636,-0.886997351048795,Large,35,0.0308 *
OPLONL,48.1 ± 13.1,15,39.9 ± 5.6,22,2.3021341782402214,0.0338716459428696,Welch's t,No,0.03232993628759948,-8.26031563535394,"[-14.40, -2.13]",-0.8836630755053377,-0.8645912105663737,Large,35,0.0339 *
ISOS,54.7 ± 15.7,15,49.8 ± 6.7,22,1.2963231367820138,0.20334688588376507,Student's t,Yes,0.15638410026349328,-4.864665379808628,"[-12.22, 2.49]",-0.434067394478844,-0.42469903344692655,Small,35,0.2033
RPE,66.0 ± 13.4,15,57.9 ± 6.1,22,2.5152334204175855,0.016639116796845377,Student's t,Yes,0.06591553996029338,-8.147835631642266,"[-14.50, -1.80]",-0.8422134777421343,-0.8240362084383472,Large,35,0.0166 *
